<?xml version="1.0"?>
<!DOCTYPE hibernate-mapping PUBLIC "-//Hibernate/Hibernate Mapping DTD 3.0//EN" "http://www.hibernate.org/dtd/hibernate-mapping-3.0.dtd">
<hibernate-mapping package="practice1">

	<class name="Address" table="address">
	
		<id name="id" column="id">
			<generator class="increment" />
		</id>
	
		<property name="area" type="string" column="area" />
		<property name="housenumber" type="int" column="house_number" />
		<property name="city" type="string" column="city" />
		<property name="roadnumber" type="int" column="rood_number" />
	</class>
</hibernate-mapping>