<?xml version='1.0' encoding='utf-8'?>
<!DOCTYPE hibernate-configuration PUBLIC
"-//Hibernate/Hibernate Configuration DTD 3.0//EN"
"http://www.hibernate.org/dtd/hibernate-configuration-3.0.dtd">
<hibernate-configuration>
	<session-factory>
	
	
		<property name="connection.driver_class">com.mysql.cj.jdbc.Driver</property>
		
   		<property name="connection.url">jdbc:mysql://localhost:3306/phase2</property>
   		
   		
    	<property name="connection.username">root</property>
    	
    	<property name="connection.password">K.harsha@2000</property>
    	
    	
    	<property name="hibernate.hbm2ddl.auto">update</property>
    	
    	<mapping resource="practice1/Address.hbm.xml"/>
    	
    	<mapping resource="practice2/Product.hbm.xml" />
    	
    	<mapping class="practice3/School" />
    	
    	<mapping class="project.Product" />
	
	</session-factory>


</hibernate-configuration>